security,ticker,OddLotVol,date,qtr
Stock,AAPL,895.518,12/29/2017,12/31/2017
Stock,AAPL,1249.882,1/2/2018,3/31/2018
Stock,AAPL,1345.66,1/3/2018,3/31/2018
Stock,AAPL,1150.751,1/4/2018,3/31/2018
Stock,AAPL,1075.813,1/5/2018,3/31/2018
Stock,AAPL,966.82,1/8/2018,3/31/2018
Stock,AAPL,1218.482,1/9/2018,3/31/2018
Stock,AAPL,1180.847,1/10/2018,3/31/2018
Stock,AAPL,841.756,1/11/2018,3/31/2018
Stock,AAPL,1199.644,1/12/2018,3/31/2018
Stock,AAPL,1463.658,1/16/2018,3/31/2018
Stock,AAPL,1570.603,1/17/2018,3/31/2018
Stock,AAPL,1256.186,1/18/2018,3/31/2018
Stock,AAPL,1115.345,1/19/2018,3/31/2018
Stock,AAPL,1140.444,1/22/2018,3/31/2018
Stock,AAPL,1458.164,1/23/2018,3/31/2018
Stock,AAPL,2376.355,1/24/2018,3/31/2018
Stock,AAPL,2034.631,1/25/2018,3/31/2018
Stock,AAPL,1537.08,1/26/2018,3/31/2018
Stock,AAPL,2301.944,1/29/2018,3/31/2018
Stock,AAPL,2098.203,1/30/2018,3/31/2018
Stock,AAPL,1508.533,1/31/2018,3/31/2018
Stock,AAPL,1871.606,2/1/2018,3/31/2018
Stock,AAPL,4171.582,2/2/2018,3/31/2018
Stock,AAPL,3670.197,2/5/2018,3/31/2018
Stock,AAPL,3461.585,2/6/2018,3/31/2018
Stock,AAPL,2042.226,2/7/2018,3/31/2018
Stock,AAPL,2227.818,2/8/2018,3/31/2018
Stock,AAPL,2780.921,2/9/2018,3/31/2018
Stock,AAPL,2309.325,2/12/2018,3/31/2018
Stock,AAPL,1496.819,2/13/2018,3/31/2018
Stock,AAPL,1989.023,2/14/2018,3/31/2018
Stock,AAPL,2361.279,2/15/2018,3/31/2018
Stock,AAPL,1725.851,2/16/2018,3/31/2018
Stock,AAPL,1548.896,2/20/2018,3/31/2018
Stock,AAPL,1603.597,2/21/2018,3/31/2018
Stock,AAPL,1512.82,2/22/2018,3/31/2018
Stock,AAPL,1482.77,2/23/2018,3/31/2018
Stock,AAPL,1697.103,2/26/2018,3/31/2018
Stock,AAPL,1917.694,2/27/2018,3/31/2018
Stock,AAPL,1392.961,2/28/2018,3/31/2018
Stock,AAPL,3065.658,3/1/2018,3/31/2018
Stock,AAPL,1582.869,3/2/2018,3/31/2018
Stock,AAPL,1303.493,3/5/2018,3/31/2018
Stock,AAPL,1227.667,3/6/2018,3/31/2018
Stock,AAPL,1570.509,3/7/2018,3/31/2018
Stock,AAPL,1110.871,3/8/2018,3/31/2018
Stock,AAPL,1531.721,3/9/2018,3/31/2018
Stock,AAPL,1335.217,3/12/2018,3/31/2018
Stock,AAPL,1607.193,3/13/2018,3/31/2018
Stock,AAPL,1659.852,3/14/2018,3/31/2018
Stock,AAPL,1225.743,3/15/2018,3/31/2018
Stock,AAPL,1127.131,3/16/2018,3/31/2018
Stock,AAPL,2143.115,3/19/2018,3/31/2018
Stock,AAPL,1053.186,3/20/2018,3/31/2018
Stock,AAPL,1854.263,3/21/2018,3/31/2018
Stock,AAPL,2218.827,3/22/2018,3/31/2018
Stock,AAPL,2485.904,3/23/2018,3/31/2018
Stock,AAPL,1797.371,3/26/2018,3/31/2018
Stock,AAPL,2430.992,3/27/2018,3/31/2018
Stock,AAPL,2781.349,3/28/2018,3/31/2018
Stock,AAPL,1789.799,3/29/2018,3/31/2018
Stock,AAPL,2534.864,4/2/2018,6/30/2018
Stock,AAPL,1961.635,4/3/2018,6/30/2018
Stock,AAPL,2067.3,4/4/2018,6/30/2018
Stock,AAPL,1570.777,4/5/2018,6/30/2018
Stock,AAPL,2289.15,4/6/2018,6/30/2018
Stock,AAPL,1738.579,4/9/2018,6/30/2018
Stock,AAPL,1683.852,4/10/2018,6/30/2018
Stock,AAPL,1332.331,4/11/2018,6/30/2018
Stock,AAPL,1246.178,4/12/2018,6/30/2018
Stock,AAPL,1313.975,4/13/2018,6/30/2018
Stock,AAPL,1200.205,4/16/2018,6/30/2018
Stock,AAPL,1422.122,4/17/2018,6/30/2018
Stock,AAPL,1132.344,4/18/2018,6/30/2018
Stock,AAPL,1662.149,4/19/2018,6/30/2018
Stock,AAPL,2988.13,4/20/2018,6/30/2018
Stock,AAPL,1772.175,4/23/2018,6/30/2018
Stock,AAPL,2160.444,4/24/2018,6/30/2018
Stock,AAPL,1607.276,4/25/2018,6/30/2018
Stock,AAPL,1583.962,4/26/2018,6/30/2018
Stock,AAPL,2000.896,4/27/2018,6/30/2018
Stock,AAPL,2056.928,4/30/2018,6/30/2018
Stock,AAPL,2386.254,5/1/2018,6/30/2018
Stock,AAPL,3399.689,5/2/2018,6/30/2018
Stock,AAPL,2123.685,5/3/2018,6/30/2018
Stock,AAPL,2876.159,5/4/2018,6/30/2018
Stock,AAPL,1736.296,5/7/2018,6/30/2018
Stock,AAPL,1331.517,5/8/2018,6/30/2018
Stock,AAPL,1152.172,5/9/2018,6/30/2018
Stock,AAPL,1290.702,5/10/2018,6/30/2018
Stock,AAPL,1146.373,5/11/2018,6/30/2018
Stock,AAPL,930.73,5/14/2018,6/30/2018
Stock,AAPL,1380.015,5/15/2018,6/30/2018
Stock,AAPL,994.965,5/16/2018,6/30/2018
Stock,AAPL,853.21,5/17/2018,6/30/2018
Stock,AAPL,886.762,5/18/2018,6/30/2018
Stock,AAPL,948.565,5/21/2018,6/30/2018
Stock,AAPL,834.227,5/22/2018,6/30/2018
Stock,AAPL,1143.537,5/23/2018,6/30/2018
Stock,AAPL,1114.103,5/24/2018,6/30/2018
Stock,AAPL,1047.755,5/25/2018,6/30/2018
Stock,AAPL,1424.789,5/29/2018,6/30/2018
Stock,AAPL,1046.505,5/30/2018,6/30/2018
Stock,AAPL,1285.427,5/31/2018,6/30/2018
Stock,AAPL,1307.07,6/1/2018,6/30/2018
Stock,AAPL,1348.949,6/4/2018,6/30/2018
Stock,AAPL,1144.001,6/5/2018,6/30/2018
Stock,AAPL,1101.209,6/6/2018,6/30/2018
Stock,AAPL,1206.94,6/7/2018,6/30/2018
Stock,AAPL,1421.689,6/8/2018,6/30/2018
Stock,AAPL,1055.031,6/11/2018,6/30/2018
Stock,AAPL,1210.907,6/12/2018,6/30/2018
Stock,AAPL,1389.018,6/13/2018,6/30/2018
Stock,AAPL,1277.727,6/14/2018,6/30/2018
Stock,AAPL,1743.706,6/15/2018,6/30/2018
Stock,AAPL,1122.385,6/18/2018,6/30/2018
Stock,AAPL,1866.031,6/19/2018,6/30/2018
Stock,AAPL,1137.053,6/20/2018,6/30/2018
Stock,AAPL,1422.446,6/21/2018,6/30/2018
Stock,AAPL,1096.513,6/22/2018,6/30/2018
Stock,AAPL,2075.898,6/25/2018,6/30/2018
Stock,AAPL,1449.039,6/26/2018,6/30/2018
Stock,AAPL,1569,6/27/2018,6/30/2018
Stock,AAPL,1393.161,6/28/2018,6/30/2018
Stock,AAPL,1206.522,6/29/2018,6/30/2018
Stock,AAPL,1141.904,7/2/2018,9/30/2018
Stock,AAPL,873.744,7/3/2018,9/30/2018
Stock,AAPL,1211.179,7/5/2018,9/30/2018
Stock,AAPL,1238.52,7/6/2018,9/30/2018
Stock,AAPL,1174.983,7/9/2018,9/30/2018
Stock,AAPL,1065.545,7/10/2018,9/30/2018
Stock,AAPL,1183.557,7/11/2018,9/30/2018
Stock,AAPL,1190.349,7/12/2018,9/30/2018
Stock,AAPL,816.651,7/13/2018,9/30/2018
Stock,AAPL,793.186,7/16/2018,9/30/2018
Stock,AAPL,1211.33,7/17/2018,9/30/2018
Stock,AAPL,1048.856,7/18/2018,9/30/2018
Stock,AAPL,1332.633,7/19/2018,9/30/2018
Stock,AAPL,1084.634,7/20/2018,9/30/2018
Stock,AAPL,1089.468,7/23/2018,9/30/2018
Stock,AAPL,1336.732,7/24/2018,9/30/2018
Stock,AAPL,1264.425,7/25/2018,9/30/2018
Stock,AAPL,1375.197,7/26/2018,9/30/2018
Stock,AAPL,2078.353,7/27/2018,9/30/2018
Stock,AAPL,1631.99,7/30/2018,9/30/2018
Stock,AAPL,2539.447,7/31/2018,9/30/2018
Stock,AAPL,3806.367,8/1/2018,9/30/2018
Stock,AAPL,4230.146,8/2/2018,9/30/2018
Stock,AAPL,2397.38,8/3/2018,9/30/2018
Stock,AAPL,1353.525,8/6/2018,9/30/2018
Stock,AAPL,1676.118,8/7/2018,9/30/2018
Stock,AAPL,1391.265,8/8/2018,9/30/2018
Stock,AAPL,1369.642,8/9/2018,9/30/2018
Stock,AAPL,1660.42,8/10/2018,9/30/2018
Stock,AAPL,2071.955,8/13/2018,9/30/2018
Stock,AAPL,1504.057,8/14/2018,9/30/2018
Stock,AAPL,2524.933,8/15/2018,9/30/2018
Stock,AAPL,1661.907,8/16/2018,9/30/2018
Stock,AAPL,2324.149,8/17/2018,9/30/2018
Stock,AAPL,1955.012,8/20/2018,9/30/2018
Stock,AAPL,1804.398,8/21/2018,9/30/2018
Stock,AAPL,1296.599,8/22/2018,9/30/2018
Stock,AAPL,1336.013,8/23/2018,9/30/2018
Stock,AAPL,1216.19,8/24/2018,9/30/2018
Stock,AAPL,1432.623,8/27/2018,9/30/2018
Stock,AAPL,1561.098,8/28/2018,9/30/2018
Stock,AAPL,1962.739,8/29/2018,9/30/2018
Stock,AAPL,3457.68,8/30/2018,9/30/2018
Stock,AAPL,2528.161,8/31/2018,9/30/2018
Stock,AAPL,1985.072,9/4/2018,9/30/2018
Stock,AAPL,2596.606,9/5/2018,9/30/2018
Stock,AAPL,2790.119,9/6/2018,9/30/2018
Stock,AAPL,3025.355,9/7/2018,9/30/2018
Stock,AAPL,3479.247,9/10/2018,9/30/2018
Stock,AAPL,3256.849,9/11/2018,9/30/2018
Stock,AAPL,4637.085,9/12/2018,9/30/2018
Stock,AAPL,3421.214,9/13/2018,9/30/2018
Stock,AAPL,2509.812,9/14/2018,9/30/2018
Stock,AAPL,3546.178,9/17/2018,9/30/2018
Stock,AAPL,2843.878,9/18/2018,9/30/2018
Stock,AAPL,2461.799,9/19/2018,9/30/2018
Stock,AAPL,2262.703,9/20/2018,9/30/2018
Stock,AAPL,2777.704,9/21/2018,9/30/2018
Stock,AAPL,1956.195,9/24/2018,9/30/2018
Stock,AAPL,1787.992,9/25/2018,9/30/2018
Stock,AAPL,1911.047,9/26/2018,9/30/2018
Stock,AAPL,2233.822,9/27/2018,9/30/2018
Stock,AAPL,1983.02,9/28/2018,9/30/2018
Stock,AAPL,2029.719,10/1/2018,12/31/2018
Stock,AAPL,2248.992,10/2/2018,12/31/2018
Stock,AAPL,2522.313,10/3/2018,12/31/2018
Stock,AAPL,3255.796,10/4/2018,12/31/2018
Stock,AAPL,3634.327,10/5/2018,12/31/2018
Stock,AAPL,2855.282,10/8/2018,12/31/2018
Stock,AAPL,2818.176,10/9/2018,12/31/2018
Stock,AAPL,4655.278,10/10/2018,12/31/2018
Stock,AAPL,5964.912,10/11/2018,12/31/2018
Stock,AAPL,3571.136,10/12/2018,12/31/2018
Stock,AAPL,2610.522,10/15/2018,12/31/2018
Stock,AAPL,2834.138,10/16/2018,12/31/2018
Stock,AAPL,2652.963,10/17/2018,12/31/2018
Stock,AAPL,3505.677,10/18/2018,12/31/2018
Stock,AAPL,3235.223,10/19/2018,12/31/2018
Stock,AAPL,2876.82,10/22/2018,12/31/2018
Stock,AAPL,4222.161,10/23/2018,12/31/2018
Stock,AAPL,4389.105,10/24/2018,12/31/2018
Stock,AAPL,2966.678,10/25/2018,12/31/2018
Stock,AAPL,4695.532,10/26/2018,12/31/2018
Stock,AAPL,3974.679,10/29/2018,12/31/2018
Stock,AAPL,3886.601,10/30/2018,12/31/2018
Stock,AAPL,2592.652,10/31/2018,12/31/2018
Stock,AAPL,3856.833,11/1/2018,12/31/2018
Stock,AAPL,7203.985,11/2/2018,12/31/2018
Stock,AAPL,5323.381,11/5/2018,12/31/2018
Stock,AAPL,2339.297,11/6/2018,12/31/2018
Stock,AAPL,2471.284,11/7/2018,12/31/2018
Stock,AAPL,1672.127,11/8/2018,12/31/2018
Stock,AAPL,2244.71,11/9/2018,12/31/2018
Stock,AAPL,3692.414,11/12/2018,12/31/2018
Stock,AAPL,3240.266,11/13/2018,12/31/2018
Stock,AAPL,3829.387,11/14/2018,12/31/2018
Stock,AAPL,2835.178,11/15/2018,12/31/2018
Stock,AAPL,2425.149,11/16/2018,12/31/2018
Stock,AAPL,2576.022,11/19/2018,12/31/2018
Stock,AAPL,4416.096,11/20/2018,12/31/2018
Stock,AAPL,1917.117,11/21/2018,12/31/2018
Stock,AAPL,1275.008,11/23/2018,12/31/2018
Stock,AAPL,2113.25,11/26/2018,12/31/2018
Stock,AAPL,2025.596,11/27/2018,12/31/2018
Stock,AAPL,2480.354,11/28/2018,12/31/2018
Stock,AAPL,2292.952,11/29/2018,12/31/2018
Stock,AAPL,1807.489,11/30/2018,12/31/2018
Stock,AAPL,2158.48,12/3/2018,12/31/2018
Stock,AAPL,2527.407,12/4/2018,12/31/2018
Stock,AAPL,2821.811,12/6/2018,12/31/2018
Stock,AAPL,2657.944,12/7/2018,12/31/2018
Stock,AAPL,3267.782,12/10/2018,12/31/2018
Stock,AAPL,2094.836,12/11/2018,12/31/2018
Stock,AAPL,1599.528,12/12/2018,12/31/2018
Stock,AAPL,1619.911,12/13/2018,12/31/2018
Stock,AAPL,2119.367,12/14/2018,12/31/2018
Stock,AAPL,2179.395,12/17/2018,12/31/2018
Stock,AAPL,1616.775,12/18/2018,12/31/2018
Stock,AAPL,2784.16,12/19/2018,12/31/2018
Stock,AAPL,3505.562,12/20/2018,12/31/2018
Stock,AAPL,3490.377,12/21/2018,12/31/2018
Stock,AAPL,1935.826,12/24/2018,12/31/2018
Stock,AAPL,2573.959,12/26/2018,12/31/2018
Stock,AAPL,2679.251,12/27/2018,12/31/2018
Stock,AAPL,2131.159,12/28/2018,12/31/2018
Stock,AAPL,1417.477,12/31/2018,12/31/2018
Stock,AAPL,1744.805,1/2/2019,3/31/2019
Stock,AAPL,5192.761,1/3/2019,3/31/2019
Stock,AAPL,3036.021,1/4/2019,3/31/2019
Stock,AAPL,2770.731,1/7/2019,3/31/2019
Stock,AAPL,2110.129,1/8/2019,3/31/2019
Stock,AAPL,2217.813,1/9/2019,3/31/2019
Stock,AAPL,1487.142,1/10/2019,3/31/2019
Stock,AAPL,1293.234,1/11/2019,3/31/2019
Stock,AAPL,1509.787,1/14/2019,3/31/2019
Stock,AAPL,1398.855,1/15/2019,3/31/2019
Stock,AAPL,1435.49,1/16/2019,3/31/2019
Stock,AAPL,1427.626,1/17/2019,3/31/2019
Stock,AAPL,1427.969,1/18/2019,3/31/2019
Stock,AAPL,1610.993,1/22/2019,3/31/2019
Stock,AAPL,1199.709,1/23/2019,3/31/2019
Stock,AAPL,1354.159,1/24/2019,3/31/2019
Stock,AAPL,1618.077,1/25/2019,3/31/2019
Stock,AAPL,1335.328,1/28/2019,3/31/2019
Stock,AAPL,1767.125,1/29/2019,3/31/2019
Stock,AAPL,2860.087,1/30/2019,3/31/2019
Stock,AAPL,1869.868,1/31/2019,3/31/2019
Stock,AAPL,1337.297,2/1/2019,3/31/2019
Stock,AAPL,1523.769,2/4/2019,3/31/2019
Stock,AAPL,1656.358,2/5/2019,3/31/2019
Stock,AAPL,1275.323,2/6/2019,3/31/2019
Stock,AAPL,1753.245,2/7/2019,3/31/2019
Stock,AAPL,1230.84,2/8/2019,3/31/2019
Stock,AAPL,1177.971,2/11/2019,3/31/2019
Stock,AAPL,1145.184,2/12/2019,3/31/2019
Stock,AAPL,1138.753,2/13/2019,3/31/2019
Stock,AAPL,1318.82,2/14/2019,3/31/2019
Stock,AAPL,1284.649,2/15/2019,3/31/2019
Stock,AAPL,1068.139,2/19/2019,3/31/2019
Stock,AAPL,1370.658,2/20/2019,3/31/2019
Stock,AAPL,1178.841,2/21/2019,3/31/2019
Stock,AAPL,982.753,2/22/2019,3/31/2019
Stock,AAPL,1139.171,2/25/2019,3/31/2019
Stock,AAPL,894.669,2/26/2019,3/31/2019
Stock,AAPL,933.403,2/27/2019,3/31/2019
Stock,AAPL,910.298,2/28/2019,3/31/2019
Stock,AAPL,1033.998,3/1/2019,3/31/2019
Stock,AAPL,1360.956,3/4/2019,3/31/2019
Stock,AAPL,933.239,3/5/2019,3/31/2019
Stock,AAPL,996.913,3/6/2019,3/31/2019
Stock,AAPL,1358.272,3/7/2019,3/31/2019
Stock,AAPL,1113.811,3/8/2019,3/31/2019
Stock,AAPL,1556.781,3/11/2019,3/31/2019
Stock,AAPL,1587.022,3/12/2019,3/31/2019
Stock,AAPL,1402.437,3/13/2019,3/31/2019
Stock,AAPL,1154.013,3/14/2019,3/31/2019
Stock,AAPL,1394.741,3/15/2019,3/31/2019
Stock,AAPL,1150.778,3/18/2019,3/31/2019
Stock,AAPL,1398.638,3/19/2019,3/31/2019
Stock,AAPL,1650.792,3/20/2019,3/31/2019
Stock,AAPL,2166.77,3/21/2019,3/31/2019
Stock,AAPL,2326.155,3/22/2019,3/31/2019
Stock,AAPL,2172.018,3/25/2019,3/31/2019
Stock,AAPL,3335.524,3/26/2019,3/31/2019
Stock,AAPL,1473.262,3/27/2019,3/31/2019
Stock,AAPL,1132.891,3/28/2019,3/31/2019
Stock,AAPL,1172.05,3/29/2019,3/31/2019
Stock,AAPL,1429.111,4/1/2019,6/30/2019
Stock,AAPL,1263.091,4/2/2019,6/30/2019
Stock,AAPL,1322.815,4/3/2019,6/30/2019
Stock,AAPL,1032.27,4/4/2019,6/30/2019
Stock,AAPL,887.562,4/5/2019,6/30/2019
Stock,AAPL,1364.89,4/8/2019,6/30/2019
Stock,AAPL,1698.166,4/9/2019,6/30/2019
Stock,AAPL,1265.988,4/10/2019,6/30/2019
Stock,AAPL,1148.819,4/11/2019,6/30/2019
Stock,AAPL,1539.809,4/12/2019,6/30/2019
Stock,AAPL,1171.435,4/15/2019,6/30/2019
Stock,AAPL,1735.39,4/16/2019,6/30/2019
Stock,AAPL,1724.438,4/17/2019,6/30/2019
Stock,AAPL,1306.801,4/18/2019,6/30/2019
Stock,AAPL,931.501,4/22/2019,6/30/2019
Stock,AAPL,1491.738,4/23/2019,6/30/2019
Stock,AAPL,926.419,4/24/2019,6/30/2019
Stock,AAPL,1209.34,4/25/2019,6/30/2019
Stock,AAPL,1130.891,4/26/2019,6/30/2019
Stock,AAPL,1108.042,4/29/2019,6/30/2019
Stock,AAPL,2479.821,4/30/2019,6/30/2019
Stock,AAPL,3739.652,5/1/2019,6/30/2019
Stock,AAPL,2249.464,5/2/2019,6/30/2019
Stock,AAPL,1427.511,5/3/2019,6/30/2019
Stock,AAPL,1915.21,5/6/2019,6/30/2019
Stock,AAPL,2812.057,5/7/2019,6/30/2019
Stock,AAPL,1926.074,5/8/2019,6/30/2019
Stock,AAPL,2756.164,5/9/2019,6/30/2019
Stock,AAPL,3132.815,5/10/2019,6/30/2019
Stock,AAPL,3882.472,5/13/2019,6/30/2019
Stock,AAPL,2362.418,5/14/2019,6/30/2019
Stock,AAPL,2080.181,5/15/2019,6/30/2019
Stock,AAPL,2039.685,5/16/2019,6/30/2019
Stock,AAPL,2363.855,5/17/2019,6/30/2019
Stock,AAPL,2470.744,5/20/2019,6/30/2019
Stock,AAPL,1639.605,5/21/2019,6/30/2019
Stock,AAPL,1856.308,5/22/2019,6/30/2019
Stock,AAPL,2308.145,5/23/2019,6/30/2019
Stock,AAPL,1644.061,5/24/2019,6/30/2019
Stock,AAPL,1699.566,5/28/2019,6/30/2019
Stock,AAPL,1895.948,5/29/2019,6/30/2019
Stock,AAPL,1605.275,5/30/2019,6/30/2019
Stock,AAPL,2001.204,5/31/2019,6/30/2019
Stock,AAPL,3021.935,6/3/2019,6/30/2019
Stock,AAPL,2302.543,6/4/2019,6/30/2019
Stock,AAPL,2225.975,6/5/2019,6/30/2019
Stock,AAPL,1490.041,6/6/2019,6/30/2019
Stock,AAPL,2278.12,6/7/2019,6/30/2019
Stock,AAPL,1710.51,6/10/2019,6/30/2019
Stock,AAPL,1560.23,6/11/2019,6/30/2019
Stock,AAPL,1147.882,6/12/2019,6/30/2019
Stock,AAPL,1297.374,6/13/2019,6/30/2019
Stock,AAPL,1311.023,6/14/2019,6/30/2019
Stock,AAPL,1118.197,6/17/2019,6/30/2019
Stock,AAPL,2122.22,6/18/2019,6/30/2019
Stock,AAPL,1618.573,6/19/2019,6/30/2019
Stock,AAPL,1932.38,6/20/2019,6/30/2019
Stock,AAPL,2170.516,6/21/2019,6/30/2019
Stock,AAPL,1560.439,6/24/2019,6/30/2019
Stock,AAPL,2715.419,6/25/2019,6/30/2019
Stock,AAPL,2668.926,6/26/2019,6/30/2019
Stock,AAPL,2030.506,6/27/2019,6/30/2019
Stock,AAPL,2515.544,6/28/2019,6/30/2019
Stock,AAPL,3416.503,7/1/2019,9/30/2019
Stock,AAPL,1668.266,7/2/2019,9/30/2019
Stock,AAPL,1337.694,7/3/2019,9/30/2019
Stock,AAPL,1886.248,7/5/2019,9/30/2019
Stock,AAPL,2579.104,7/8/2019,9/30/2019
Stock,AAPL,2130.34,7/9/2019,9/30/2019
Stock,AAPL,1611.743,7/10/2019,9/30/2019
Stock,AAPL,1957.825,7/11/2019,9/30/2019
Stock,AAPL,1767.232,7/12/2019,9/30/2019
Stock,AAPL,1690.542,7/15/2019,9/30/2019
Stock,AAPL,1653.638,7/16/2019,9/30/2019
Stock,AAPL,1275.428,7/17/2019,9/30/2019
Stock,AAPL,1585.936,7/18/2019,9/30/2019
Stock,AAPL,1980.051,7/19/2019,9/30/2019
Stock,AAPL,1745.471,7/22/2019,9/30/2019
Stock,AAPL,1529.13,7/23/2019,9/30/2019
Stock,AAPL,1219.49,7/24/2019,9/30/2019
Stock,AAPL,1451.826,7/25/2019,9/30/2019
Stock,AAPL,1597.491,7/26/2019,9/30/2019
Stock,AAPL,2035.177,7/29/2019,9/30/2019
Stock,AAPL,2456.411,7/30/2019,9/30/2019
Stock,AAPL,5388.225,7/31/2019,9/30/2019
Stock,AAPL,5394.318,8/1/2019,9/30/2019
Stock,AAPL,3960.014,8/2/2019,9/30/2019
Stock,AAPL,5457.302,8/5/2019,9/30/2019
Stock,AAPL,2895.668,8/6/2019,9/30/2019
Stock,AAPL,3317.872,8/7/2019,9/30/2019
Stock,AAPL,3396.953,8/8/2019,9/30/2019
Stock,AAPL,2195.843,8/9/2019,9/30/2019
Stock,AAPL,2250.053,8/12/2019,9/30/2019
Stock,AAPL,4517.745,8/13/2019,9/30/2019
Stock,AAPL,3490.491,8/14/2019,9/30/2019
Stock,AAPL,2850.726,8/15/2019,9/30/2019
Stock,AAPL,2816.492,8/16/2019,9/30/2019
Stock,AAPL,1649.967,8/19/2019,9/30/2019
Stock,AAPL,1802.153,8/20/2019,9/30/2019
Stock,AAPL,1923.552,8/21/2019,9/30/2019
Stock,AAPL,2097.624,8/22/2019,9/30/2019
Stock,AAPL,4827.455,8/23/2019,9/30/2019
Stock,AAPL,2218.315,8/26/2019,9/30/2019
Stock,AAPL,2337.367,8/27/2019,9/30/2019
Stock,AAPL,1666.011,8/28/2019,9/30/2019
Stock,AAPL,1933.874,8/29/2019,9/30/2019
Stock,AAPL,2241.216,8/30/2019,9/30/2019
Stock,AAPL,2088.858,9/3/2019,9/30/2019
Stock,AAPL,2626.889,9/4/2019,9/30/2019
Stock,AAPL,2742.25,9/5/2019,9/30/2019
Stock,AAPL,3101.191,9/6/2019,9/30/2019
Stock,AAPL,3605.445,9/9/2019,9/30/2019
Stock,AAPL,4832.89,9/10/2019,9/30/2019
Stock,AAPL,3919.902,9/11/2019,9/30/2019
Stock,AAPL,3349.839,9/12/2019,9/30/2019
Stock,AAPL,5219.563,9/13/2019,9/30/2019
Stock,AAPL,2673.564,9/16/2019,9/30/2019
Stock,AAPL,1811.024,9/17/2019,9/30/2019
Stock,AAPL,2541.876,9/18/2019,9/30/2019
Stock,AAPL,2320.14,9/19/2019,9/30/2019
Stock,AAPL,3749.938,9/20/2019,9/30/2019
Stock,AAPL,2383.075,9/23/2019,9/30/2019
Stock,AAPL,4312.529,9/24/2019,9/30/2019
Stock,AAPL,3161.733,9/25/2019,9/30/2019
Stock,AAPL,2723.619,9/26/2019,9/30/2019
Stock,AAPL,3786.648,9/27/2019,9/30/2019
Stock,AAPL,2915.076,9/30/2019,9/30/2019
Stock,AAPL,4670.837,10/1/2019,12/31/2019
Stock,AAPL,4828.131,10/2/2019,12/31/2019
Stock,AAPL,3900.948,10/3/2019,12/31/2019
Stock,AAPL,3295.135,10/4/2019,12/31/2019
Stock,AAPL,3475.5,10/7/2019,12/31/2019
Stock,AAPL,4026.101,10/8/2019,12/31/2019
Stock,AAPL,2128.495,10/9/2019,12/31/2019
Stock,AAPL,3356.792,10/10/2019,12/31/2019
Stock,AAPL,4201.537,10/11/2019,12/31/2019
Stock,AAPL,2127.655,10/14/2019,12/31/2019
Stock,AAPL,2090.832,10/15/2019,12/31/2019
Stock,AAPL,1930.238,10/16/2019,12/31/2019
Stock,AAPL,1888.131,10/17/2019,12/31/2019
Stock,AAPL,2306.313,10/18/2019,12/31/2019
Stock,AAPL,1924.28,10/21/2019,12/31/2019
Stock,AAPL,1775.112,10/22/2019,12/31/2019
Stock,AAPL,1581.186,10/23/2019,12/31/2019
Stock,AAPL,1529.989,10/24/2019,12/31/2019
Stock,AAPL,1344.595,10/25/2019,12/31/2019
Stock,AAPL,2015.931,10/28/2019,12/31/2019
Stock,AAPL,2999.939,10/29/2019,12/31/2019
Stock,AAPL,2345.908,10/30/2019,12/31/2019
Stock,AAPL,2691.253,10/31/2019,12/31/2019
Stock,AAPL,2622.529,11/1/2019,12/31/2019
Stock,AAPL,1950.883,11/4/2019,12/31/2019
Stock,AAPL,1632.016,11/5/2019,12/31/2019
Stock,AAPL,1662.58,11/6/2019,12/31/2019
Stock,AAPL,1989.963,11/7/2019,12/31/2019
Stock,AAPL,1454.046,11/8/2019,12/31/2019
Stock,AAPL,1627.969,11/11/2019,12/31/2019
Stock,AAPL,1775.445,11/12/2019,12/31/2019
Stock,AAPL,2182.76,11/13/2019,12/31/2019
Stock,AAPL,2085.328,11/14/2019,12/31/2019
Stock,AAPL,1783.099,11/15/2019,12/31/2019
Stock,AAPL,1719.182,11/18/2019,12/31/2019
Stock,AAPL,1241.212,11/19/2019,12/31/2019
Stock,AAPL,2086.804,11/20/2019,12/31/2019
Stock,AAPL,1618.78,11/21/2019,12/31/2019
Stock,AAPL,1276.769,11/22/2019,12/31/2019
Stock,AAPL,1116.012,11/25/2019,12/31/2019
Stock,AAPL,1249.319,11/26/2019,12/31/2019
Stock,AAPL,992.939,11/27/2019,12/31/2019
Stock,AAPL,621.147,11/29/2019,12/31/2019
Stock,AAPL,1599.392,12/2/2019,12/31/2019
Stock,AAPL,1964.285,12/3/2019,12/31/2019
Stock,AAPL,1298.711,12/4/2019,12/31/2019
Stock,AAPL,1263.134,12/5/2019,12/31/2019
Stock,AAPL,1639.594,12/6/2019,12/31/2019
Stock,AAPL,1928.119,12/9/2019,12/31/2019
Stock,AAPL,1739.82,12/10/2019,12/31/2019
Stock,AAPL,1222.186,12/11/2019,12/31/2019
Stock,AAPL,2457.883,12/12/2019,12/31/2019
Stock,AAPL,2295.338,12/13/2019,12/31/2019
Stock,AAPL,1761.119,12/16/2019,12/31/2019
Stock,AAPL,1910.311,12/17/2019,12/31/2019
Stock,AAPL,1690.295,12/18/2019,12/31/2019
Stock,AAPL,1449.964,12/19/2019,12/31/2019
Stock,AAPL,2060.377,12/20/2019,12/31/2019
Stock,AAPL,1532.772,12/23/2019,12/31/2019
Stock,AAPL,664.937,12/24/2019,12/31/2019
Stock,AAPL,1341.737,12/26/2019,12/31/2019
Stock,AAPL,2518.853,12/27/2019,12/31/2019
Stock,AAPL,2239.106,12/30/2019,12/31/2019
Stock,AAPL,1528.393,12/31/2019,12/31/2019
Stock,AAPL,2333.439,1/2/2020,3/31/2020
Stock,AAPL,2282.28,1/3/2020,3/31/2020
Stock,AAPL,1891.644,1/6/2020,3/31/2020
Stock,AAPL,1988.981,1/7/2020,3/31/2020
Stock,AAPL,2267.119,1/8/2020,3/31/2020
Stock,AAPL,2663.935,1/9/2020,3/31/2020
Stock,AAPL,2543.727,1/10/2020,3/31/2020
Stock,AAPL,2138.889,1/13/2020,3/31/2020
Stock,AAPL,3334.373,1/14/2020,3/31/2020
Stock,AAPL,2610.206,1/15/2020,3/31/2020
Stock,AAPL,1903.248,1/16/2020,3/31/2020
Stock,AAPL,2147.927,1/17/2020,3/31/2020
Stock,AAPL,1898.391,1/21/2020,3/31/2020
Stock,AAPL,1893.6,1/22/2020,3/31/2020
Stock,AAPL,1907.363,1/23/2020,3/31/2020
Stock,AAPL,2719.755,1/24/2020,3/31/2020
Stock,AAPL,3358.113,1/27/2020,3/31/2020
Stock,AAPL,2460.72,1/28/2020,3/31/2020
Stock,AAPL,4348.518,1/29/2020,3/31/2020
Stock,AAPL,2764.904,1/30/2020,3/31/2020
Stock,AAPL,5162.626,1/31/2020,3/31/2020
Stock,AAPL,3624.8,2/3/2020,3/31/2020
Stock,AAPL,2697.112,2/4/2020,3/31/2020
Stock,AAPL,2846.011,2/5/2020,3/31/2020
Stock,AAPL,2171.205,2/6/2020,3/31/2020
Stock,AAPL,2571.586,2/7/2020,3/31/2020
Stock,AAPL,2062.147,2/10/2020,3/31/2020
Stock,AAPL,2225.096,2/11/2020,3/31/2020
Stock,AAPL,2436.488,2/12/2020,3/31/2020
Stock,AAPL,2110.591,2/13/2020,3/31/2020
Stock,AAPL,1841.844,2/14/2020,3/31/2020
Stock,AAPL,3009.734,2/18/2020,3/31/2020
Stock,AAPL,2019.702,2/19/2020,3/31/2020
Stock,AAPL,2734.201,2/20/2020,3/31/2020
Stock,AAPL,3490.152,2/21/2020,3/31/2020
Stock,AAPL,4801.438,2/24/2020,3/31/2020
Stock,AAPL,6769.199,2/25/2020,3/31/2020
Stock,AAPL,4884.159,2/26/2020,3/31/2020
Stock,AAPL,8296.408,2/27/2020,3/31/2020
Stock,AAPL,12528.774,2/28/2020,3/31/2020
Stock,AAPL,9271.122,3/2/2020,3/31/2020
Stock,AAPL,9463.421,3/3/2020,3/31/2020
Stock,AAPL,5704.08,3/4/2020,3/31/2020
Stock,AAPL,4544.335,3/5/2020,3/31/2020
Stock,AAPL,6268.573,3/6/2020,3/31/2020
Stock,AAPL,8075.665,3/9/2020,3/31/2020
Stock,AAPL,8168.139,3/10/2020,3/31/2020
Stock,AAPL,6813.944,3/11/2020,3/31/2020
Stock,AAPL,12099.008,3/12/2020,3/31/2020
Stock,AAPL,10634.188,3/13/2020,3/31/2020
Stock,AAPL,9276.665,3/16/2020,3/31/2020
Stock,AAPL,9181.178,3/17/2020,3/31/2020
Stock,AAPL,9068.022,3/18/2020,3/31/2020
Stock,AAPL,7148.869,3/19/2020,3/31/2020
Stock,AAPL,10062.93,3/20/2020,3/31/2020
Stock,AAPL,8768.841,3/23/2020,3/31/2020
Stock,AAPL,6605.207,3/24/2020,3/31/2020
Stock,AAPL,7918.174,3/25/2020,3/31/2020
Stock,AAPL,5882.067,3/26/2020,3/31/2020
Stock,AAPL,4643.508,3/27/2020,3/31/2020
Stock,AAPL,3476.693,3/30/2020,3/31/2020
Stock,AAPL,3798.775,3/31/2020,3/31/2020
Stock,AAPL,4378.417,4/1/2020,6/30/2020
Stock,AAPL,3474.631,4/2/2020,6/30/2020
Stock,AAPL,2720.666,4/3/2020,6/30/2020
Stock,AAPL,5854.071,4/6/2020,6/30/2020
Stock,AAPL,4505.109,4/7/2020,6/30/2020
Stock,AAPL,4495.096,4/8/2020,6/30/2020
Stock,AAPL,4270.159,4/9/2020,6/30/2020
Stock,AAPL,3779.004,4/13/2020,6/30/2020
Stock,AAPL,4949.627,4/14/2020,6/30/2020
Stock,AAPL,2855.405,4/15/2020,6/30/2020
Stock,AAPL,3834.377,4/16/2020,6/30/2020
Stock,AAPL,5650.481,4/17/2020,6/30/2020
Stock,AAPL,4042.139,4/20/2020,6/30/2020
Stock,AAPL,6697.17,4/21/2020,6/30/2020
Stock,AAPL,3166.753,4/22/2020,6/30/2020
Stock,AAPL,3582.383,4/23/2020,6/30/2020
Stock,AAPL,3326.784,4/24/2020,6/30/2020
Stock,AAPL,2945.437,4/27/2020,6/30/2020
Stock,AAPL,2990.551,4/28/2020,6/30/2020
Stock,AAPL,3167.66,4/29/2020,6/30/2020
Stock,AAPL,3851.443,4/30/2020,6/30/2020
Stock,AAPL,5903.589,5/1/2020,6/30/2020
Stock,AAPL,3457.002,5/4/2020,6/30/2020
Stock,AAPL,3674.696,5/5/2020,6/30/2020
Stock,AAPL,3186.398,5/6/2020,6/30/2020
Stock,AAPL,2744.536,5/7/2020,6/30/2020
Stock,AAPL,3039.561,5/8/2020,6/30/2020
Stock,AAPL,3158.995,5/11/2020,6/30/2020
Stock,AAPL,3400.729,5/12/2020,6/30/2020
Stock,AAPL,5158.316,5/13/2020,6/30/2020
Stock,AAPL,3620.741,5/14/2020,6/30/2020
Stock,AAPL,3797.573,5/15/2020,6/30/2020
Stock,AAPL,2962.709,5/18/2020,6/30/2020
Stock,AAPL,2383.95,5/19/2020,6/30/2020
Stock,AAPL,2618.784,5/20/2020,6/30/2020
Stock,AAPL,2441.372,5/21/2020,6/30/2020
Stock,AAPL,2029.555,5/22/2020,6/30/2020
Stock,AAPL,2981.37,5/26/2020,6/30/2020
Stock,AAPL,2806.208,5/27/2020,6/30/2020
Stock,AAPL,3512.608,5/28/2020,6/30/2020
Stock,AAPL,3355.037,5/29/2020,6/30/2020
Stock,AAPL,2532.64,6/1/2020,6/30/2020
Stock,AAPL,2330.845,6/2/2020,6/30/2020
Stock,AAPL,2683.732,6/3/2020,6/30/2020
Stock,AAPL,2464.118,6/4/2020,6/30/2020
Stock,AAPL,3688.297,6/5/2020,6/30/2020
Stock,AAPL,2547.459,6/8/2020,6/30/2020
Stock,AAPL,4586.154,6/9/2020,6/30/2020
Stock,AAPL,4298.253,6/10/2020,6/30/2020
Stock,AAPL,5632.921,6/11/2020,6/30/2020
Stock,AAPL,5355.207,6/12/2020,6/30/2020
Stock,AAPL,4100.031,6/15/2020,6/30/2020
Stock,AAPL,5187.413,6/16/2020,6/30/2020
Stock,AAPL,3237.035,6/17/2020,6/30/2020
Stock,AAPL,2894.548,6/18/2020,6/30/2020
Stock,AAPL,5638.252,6/19/2020,6/30/2020
Stock,AAPL,3411.354,6/22/2020,6/30/2020
Stock,AAPL,5010.056,6/23/2020,6/30/2020
Stock,AAPL,5154.368,6/24/2020,6/30/2020
Stock,AAPL,3801.844,6/25/2020,6/30/2020
Stock,AAPL,5233.017,6/26/2020,6/30/2020
Stock,AAPL,3651.762,6/29/2020,6/30/2020
Stock,AAPL,3621.895,6/30/2020,6/30/2020
Stock,AAPL,3339.862,7/1/2020,9/30/2020
Stock,AAPL,3084.848,7/2/2020,9/30/2020
Stock,AAPL,3236.748,7/6/2020,9/30/2020
Stock,AAPL,3126.191,7/7/2020,9/30/2020
Stock,AAPL,3160.774,7/8/2020,9/30/2020
Stock,AAPL,3967.669,7/9/2020,9/30/2020
Stock,AAPL,2862.135,7/10/2020,9/30/2020
Stock,AAPL,5582.438,7/13/2020,9/30/2020
Stock,AAPL,5162.103,7/14/2020,9/30/2020
Stock,AAPL,4711.571,7/15/2020,9/30/2020
Stock,AAPL,3391.825,7/16/2020,9/30/2020
Stock,AAPL,2647.42,7/17/2020,9/30/2020
Stock,AAPL,2879.01,7/20/2020,9/30/2020
Stock,AAPL,3337.029,7/21/2020,9/30/2020
Stock,AAPL,2526.379,7/22/2020,9/30/2020
Stock,AAPL,6734.16,7/23/2020,9/30/2020
Stock,AAPL,5884.582,7/24/2020,9/30/2020
Stock,AAPL,3196.592,7/27/2020,9/30/2020
Stock,AAPL,2810.729,7/28/2020,9/30/2020
Stock,AAPL,2677.309,7/29/2020,9/30/2020
Stock,AAPL,4546.607,7/30/2020,9/30/2020
Stock,AAPL,10895.661,7/31/2020,9/30/2020
Stock,AAPL,9225.287,8/3/2020,9/30/2020
Stock,AAPL,4796.307,8/4/2020,9/30/2020
Stock,AAPL,3303.673,8/5/2020,9/30/2020
Stock,AAPL,5396.585,8/6/2020,9/30/2020
Stock,AAPL,5554.943,8/7/2020,9/30/2020
Stock,AAPL,5773.642,8/10/2020,9/30/2020
Stock,AAPL,5899.18,8/11/2020,9/30/2020
Stock,AAPL,4722.755,8/12/2020,9/30/2020
Stock,AAPL,5507.667,8/13/2020,9/30/2020
Stock,AAPL,4505.314,8/14/2020,9/30/2020
Stock,AAPL,3474.417,8/17/2020,9/30/2020
Stock,AAPL,3265.04,8/18/2020,9/30/2020
Stock,AAPL,4283.922,8/19/2020,9/30/2020
Stock,AAPL,3780.054,8/20/2020,9/30/2020
Stock,AAPL,8723.641,8/21/2020,9/30/2020
Stock,AAPL,11253.478,8/24/2020,9/30/2020
Stock,AAPL,5730.459,8/25/2020,9/30/2020
Stock,AAPL,4955.872,8/26/2020,9/30/2020
Stock,AAPL,5332.851,8/27/2020,9/30/2020
Stock,AAPL,5325.406,8/28/2020,9/30/2020
Stock,AAPL,14156.882,8/31/2020,9/30/2020
Stock,AAPL,8370.051,9/1/2020,9/30/2020
Stock,AAPL,12851.358,9/2/2020,9/30/2020
Stock,AAPL,17130.479,9/3/2020,9/30/2020
Stock,AAPL,23473.094,9/4/2020,9/30/2020
Stock,AAPL,14302.616,9/8/2020,9/30/2020
Stock,AAPL,9289.755,9/9/2020,9/30/2020
Stock,AAPL,10385.089,9/10/2020,9/30/2020
Stock,AAPL,10539.208,9/11/2020,9/30/2020
Stock,AAPL,6764.765,9/14/2020,9/30/2020
Stock,AAPL,7861.231,9/15/2020,9/30/2020
Stock,AAPL,8293.959,9/16/2020,9/30/2020
Stock,AAPL,8765.568,9/17/2020,9/30/2020
Stock,AAPL,11423.252,9/18/2020,9/30/2020
Stock,AAPL,8654.069,9/21/2020,9/30/2020
Stock,AAPL,7269.45,9/22/2020,9/30/2020
Stock,AAPL,7074.116,9/23/2020,9/30/2020
Stock,AAPL,6654.715,9/24/2020,9/30/2020
Stock,AAPL,5657.038,9/25/2020,9/30/2020
Stock,AAPL,5564.863,9/28/2020,9/30/2020
Stock,AAPL,4084.253,9/29/2020,9/30/2020
Stock,AAPL,5923.103,9/30/2020,9/30/2020
Stock,AAPL,4752.073,10/1/2020,12/31/2020
Stock,AAPL,6793.694,10/2/2020,12/31/2020
Stock,AAPL,3545.484,10/5/2020,12/31/2020
Stock,AAPL,6518.919,10/6/2020,12/31/2020
Stock,AAPL,3525.201,10/7/2020,12/31/2020
Stock,AAPL,2776.034,10/8/2020,12/31/2020
Stock,AAPL,3798.712,10/9/2020,12/31/2020
Stock,AAPL,7197.757,10/12/2020,12/31/2020
Stock,AAPL,10435.647,10/13/2020,12/31/2020
Stock,AAPL,4884.319,10/14/2020,12/31/2020
Stock,AAPL,3776.596,10/15/2020,12/31/2020
Stock,AAPL,3557.392,10/16/2020,12/31/2020
Stock,AAPL,4310.854,10/19/2020,12/31/2020
Stock,AAPL,3975.768,10/20/2020,12/31/2020
Stock,AAPL,3265.227,10/21/2020,12/31/2020
Stock,AAPL,3873.856,10/22/2020,12/31/2020
Stock,AAPL,3486.617,10/23/2020,12/31/2020
Stock,AAPL,4298.907,10/26/2020,12/31/2020
Stock,AAPL,3343.484,10/27/2020,12/31/2020
Stock,AAPL,5779.349,10/28/2020,12/31/2020
Stock,AAPL,6253.696,10/29/2020,12/31/2020
Stock,AAPL,10428.541,10/30/2020,12/31/2020
Stock,AAPL,5854.005,11/2/2020,12/31/2020
Stock,AAPL,3853.815,11/3/2020,12/31/2020
Stock,AAPL,6036.492,11/4/2020,12/31/2020
Stock,AAPL,5191.65,11/5/2020,12/31/2020
Stock,AAPL,4355.784,11/6/2020,12/31/2020
Stock,AAPL,7391.34,11/9/2020,12/31/2020
Stock,AAPL,5998.068,11/10/2020,12/31/2020
Stock,AAPL,4515.18,11/11/2020,12/31/2020
Stock,AAPL,4657.407,11/12/2020,12/31/2020
Stock,AAPL,3598.974,11/13/2020,12/31/2020
Stock,AAPL,3837.747,11/16/2020,12/31/2020
Stock,AAPL,3470.586,11/17/2020,12/31/2020
Stock,AAPL,3404.945,11/18/2020,12/31/2020
Stock,AAPL,3424.7,11/19/2020,12/31/2020
Stock,AAPL,3202.545,11/20/2020,12/31/2020
Stock,AAPL,6308.192,11/23/2020,12/31/2020
Stock,AAPL,5060.406,11/24/2020,12/31/2020
Stock,AAPL,3058.104,11/25/2020,12/31/2020
Stock,AAPL,1990.388,11/27/2020,12/31/2020
Stock,AAPL,6045.462,11/30/2020,12/31/2020
Stock,AAPL,5353.972,12/1/2020,12/31/2020
Stock,AAPL,3331.901,12/2/2020,12/31/2020
Stock,AAPL,2890.192,12/3/2020,12/31/2020
Stock,AAPL,2758.092,12/4/2020,12/31/2020
Stock,AAPL,3315.624,12/7/2020,12/31/2020
Stock,AAPL,3097.33,12/8/2020,12/31/2020
Stock,AAPL,4795.835,12/9/2020,12/31/2020
Stock,AAPL,3432.804,12/10/2020,12/31/2020
Stock,AAPL,3864.943,12/11/2020,12/31/2020
Stock,AAPL,3169.378,12/14/2020,12/31/2020
Stock,AAPL,5811.086,12/15/2020,12/31/2020
Stock,AAPL,3604.752,12/16/2020,12/31/2020
Stock,AAPL,3329.391,12/17/2020,12/31/2020
Stock,AAPL,4465.573,12/18/2020,12/31/2020
Stock,AAPL,4314.675,12/21/2020,12/31/2020
Stock,AAPL,8355.162,12/22/2020,12/31/2020
Stock,AAPL,3970.442,12/23/2020,12/31/2020
Stock,AAPL,2893.168,12/24/2020,12/31/2020
Stock,AAPL,5283.279,12/28/2020,12/31/2020
Stock,AAPL,5809.028,12/29/2020,12/31/2020
Stock,AAPL,4701.822,12/30/2020,12/31/2020
Stock,AAPL,5307.788,12/31/2020,12/31/2020
Stock,AAPL,11548.923,1/4/2021,3/31/2021
Stock,AAPL,6544.018,1/5/2021,3/31/2021
Stock,AAPL,9888.662,1/6/2021,3/31/2021
Stock,AAPL,5257.929,1/7/2021,3/31/2021
Stock,AAPL,6118.358,1/8/2021,3/31/2021
Stock,AAPL,5351.241,1/11/2021,3/31/2021
Stock,AAPL,4656.976,1/12/2021,3/31/2021
Stock,AAPL,4195.685,1/13/2021,3/31/2021
Stock,AAPL,4662.758,1/14/2021,3/31/2021
Stock,AAPL,5261.502,1/15/2021,3/31/2021
Stock,AAPL,4227.689,1/19/2021,3/31/2021
Stock,AAPL,5099.781,1/20/2021,3/31/2021
Stock,AAPL,6305.219,1/21/2021,3/31/2021
Stock,AAPL,5204.663,1/22/2021,3/31/2021
Stock,AAPL,9037.413,1/25/2021,3/31/2021
Stock,AAPL,5275.87,1/26/2021,3/31/2021
Stock,AAPL,7564.534,1/27/2021,3/31/2021
Stock,AAPL,8859.196,1/28/2021,3/31/2021
Stock,AAPL,12109.49,1/29/2021,3/31/2021
Stock,AAPL,6558.335,2/1/2021,3/31/2021
Stock,AAPL,4930.075,2/2/2021,3/31/2021
Stock,AAPL,4621.89,2/3/2021,3/31/2021
Stock,AAPL,5356.916,2/4/2021,3/31/2021
Stock,AAPL,4377.465,2/5/2021,3/31/2021
Stock,AAPL,4079.94,2/8/2021,3/31/2021
Stock,AAPL,3638.639,2/9/2021,3/31/2021
Stock,AAPL,4423.7,2/10/2021,3/31/2021
Stock,AAPL,3882.202,2/11/2021,3/31/2021
Stock,AAPL,3390.024,2/12/2021,3/31/2021
Stock,AAPL,5212.612,2/16/2021,3/31/2021
Stock,AAPL,7021.024,2/17/2021,3/31/2021
Stock,AAPL,5929.358,2/18/2021,3/31/2021
Stock,AAPL,5325.337,2/19/2021,3/31/2021
Stock,AAPL,6560.81,2/22/2021,3/31/2021
Stock,AAPL,10749.238,2/23/2021,3/31/2021
Stock,AAPL,8197.762,2/24/2021,3/31/2021
Stock,AAPL,12248.12,2/25/2021,3/31/2021
Stock,AAPL,13348.087,2/26/2021,3/31/2021
Stock,AAPL,8946.18,3/1/2021,3/31/2021
Stock,AAPL,8537.803,3/2/2021,3/31/2021
Stock,AAPL,10009.183,3/3/2021,3/31/2021
Stock,AAPL,16879.561,3/4/2021,3/31/2021
Stock,AAPL,15241.657,3/5/2021,3/31/2021
Stock,AAPL,14142.658,3/8/2021,3/31/2021
Stock,AAPL,8870.808,3/9/2021,3/31/2021
Stock,AAPL,9216.433,3/10/2021,3/31/2021
Stock,AAPL,7093.573,3/11/2021,3/31/2021
Stock,AAPL,6095.111,3/12/2021,3/31/2021
Stock,AAPL,6197.551,3/15/2021,3/31/2021
Stock,AAPL,7407.389,3/16/2021,3/31/2021
Stock,AAPL,9031.484,3/17/2021,3/31/2021
Stock,AAPL,8542.079,3/18/2021,3/31/2021
Stock,AAPL,7286.489,3/19/2021,3/31/2021
Stock,AAPL,6286.929,3/22/2021,3/31/2021
Stock,AAPL,5750.607,3/23/2021,3/31/2021
Stock,AAPL,5467.565,3/24/2021,3/31/2021
Stock,AAPL,7140.763,3/25/2021,3/31/2021
Stock,AAPL,6190.016,3/26/2021,3/31/2021
Stock,AAPL,4993.835,3/29/2021,3/31/2021
Stock,AAPL,5222.345,3/30/2021,3/31/2021
Stock,AAPL,6344.867,3/31/2021,3/31/2021
Stock,AAPL,4168.515,4/1/2021,6/30/2021
Stock,AAPL,4788.909,4/5/2021,6/30/2021
Stock,AAPL,4354.099,4/6/2021,6/30/2021
Stock,AAPL,4196.332,4/7/2021,6/30/2021
Stock,AAPL,4707.398,4/8/2021,6/30/2021
Stock,AAPL,5179.465,4/9/2021,6/30/2021
Stock,AAPL,4545.689,4/12/2021,6/30/2021
Stock,AAPL,4991.387,4/13/2021,6/30/2021
Stock,AAPL,4832.07,4/14/2021,6/30/2021
Stock,AAPL,4868.737,4/15/2021,6/30/2021
Stock,AAPL,3574.903,4/16/2021,6/30/2021
Stock,AAPL,4869.866,4/19/2021,6/30/2021
Stock,AAPL,6441.986,4/20/2021,6/30/2021
Stock,AAPL,3758.168,4/21/2021,6/30/2021
Stock,AAPL,5219.705,4/22/2021,6/30/2021
Stock,AAPL,3714.379,4/23/2021,6/30/2021
Stock,AAPL,3234.735,4/26/2021,6/30/2021
Stock,AAPL,3677.998,4/27/2021,6/30/2021
Stock,AAPL,5724.872,4/28/2021,6/30/2021
Stock,AAPL,8690.909,4/29/2021,6/30/2021
Stock,AAPL,5503.61,4/30/2021,6/30/2021
Stock,AAPL,4654.762,5/3/2021,6/30/2021
Stock,AAPL,8999.576,5/4/2021,6/30/2021
Stock,AAPL,4953.1,5/5/2021,6/30/2021
Stock,AAPL,4755.22,5/6/2021,6/30/2021
Stock,AAPL,4063.115,5/7/2021,6/30/2021
Stock,AAPL,4780.212,5/10/2021,6/30/2021
Stock,AAPL,6022.596,5/11/2021,6/30/2021
Stock,AAPL,6362.611,5/12/2021,6/30/2021
Stock,AAPL,6212.606,5/13/2021,6/30/2021
Stock,AAPL,3815.376,5/14/2021,6/30/2021
Stock,AAPL,3530.469,5/17/2021,6/30/2021
Stock,AAPL,3367.19,5/18/2021,6/30/2021
Stock,AAPL,5032.559,5/19/2021,6/30/2021
Stock,AAPL,3355.268,5/20/2021,6/30/2021
Stock,AAPL,3484.411,5/21/2021,6/30/2021
Stock,AAPL,2857.869,5/24/2021,6/30/2021
Stock,AAPL,3027.893,5/25/2021,6/30/2021
Stock,AAPL,2549.942,5/26/2021,6/30/2021
Stock,AAPL,4119.638,5/27/2021,6/30/2021
Stock,AAPL,3330.755,5/28/2021,6/30/2021
Stock,AAPL,3109.162,6/1/2021,6/30/2021
Stock,AAPL,2848.48,6/2/2021,6/30/2021
Stock,AAPL,3504.106,6/3/2021,6/30/2021
Stock,AAPL,2958.189,6/4/2021,6/30/2021
Stock,AAPL,3058.612,6/7/2021,6/30/2021
Stock,AAPL,3975.658,6/8/2021,6/30/2021
Stock,AAPL,2320.691,6/9/2021,6/30/2021
Stock,AAPL,3393.472,6/10/2021,6/30/2021
Stock,AAPL,2099.536,6/11/2021,6/30/2021
Stock,AAPL,3325.911,6/14/2021,6/30/2021
Stock,AAPL,2601.489,6/15/2021,6/30/2021
Stock,AAPL,4591.192,6/16/2021,6/30/2021
Stock,AAPL,4988.493,6/17/2021,6/30/2021
Stock,AAPL,3852.651,6/18/2021,6/30/2021
Stock,AAPL,3473.103,6/21/2021,6/30/2021
Stock,AAPL,2905.909,6/22/2021,6/30/2021
Stock,AAPL,2666.858,6/23/2021,6/30/2021
Stock,AAPL,2753.063,6/24/2021,6/30/2021
Stock,AAPL,2303.298,6/25/2021,6/30/2021
Stock,AAPL,3152.987,6/28/2021,6/30/2021
Stock,AAPL,3021.455,6/29/2021,6/30/2021
Stock,AAPL,2842.298,6/30/2021,6/30/2021
Stock,AAPL,2790.365,7/1/2021,9/30/2021
Stock,AAPL,3312.445,7/2/2021,9/30/2021
Stock,AAPL,5072.832,7/6/2021,9/30/2021
Stock,AAPL,5348.802,7/7/2021,9/30/2021
Stock,AAPL,5908.657,7/8/2021,9/30/2021
Stock,AAPL,4177.89,7/9/2021,9/30/2021
Stock,AAPL,3480.231,7/12/2021,9/30/2021
Stock,AAPL,5120.21,7/13/2021,9/30/2021
Stock,AAPL,5222.08,7/14/2021,9/30/2021
Stock,AAPL,5156.743,7/15/2021,9/30/2021
Stock,AAPL,4388.558,7/16/2021,9/30/2021
Stock,AAPL,6294.065,7/19/2021,9/30/2021
Stock,AAPL,4369.288,7/20/2021,9/30/2021
Stock,AAPL,3266.754,7/21/2021,9/30/2021
Stock,AAPL,3110.52,7/22/2021,9/30/2021
Stock,AAPL,3141.438,7/23/2021,9/30/2021
Stock,AAPL,3282.856,7/26/2021,9/30/2021
Stock,AAPL,5600.03,7/27/2021,9/30/2021
Stock,AAPL,5909.654,7/28/2021,9/30/2021
Stock,AAPL,3111.385,7/29/2021,9/30/2021
Stock,AAPL,3452.723,7/30/2021,9/30/2021
Stock,AAPL,3668.186,8/2/2021,9/30/2021
Stock,AAPL,3504.671,8/3/2021,9/30/2021
Stock,AAPL,3002.491,8/4/2021,9/30/2021
Stock,AAPL,2363.739,8/5/2021,9/30/2021
Stock,AAPL,2523.754,8/6/2021,9/30/2021
Stock,AAPL,2310.908,8/9/2021,9/30/2021
Stock,AAPL,3200.562,8/10/2021,9/30/2021
Stock,AAPL,2683.035,8/11/2021,9/30/2021
Stock,AAPL,4055.01,8/12/2021,9/30/2021
Stock,AAPL,2843.945,8/13/2021,9/30/2021
Stock,AAPL,5645.684,8/16/2021,9/30/2021
Stock,AAPL,5121.14,8/17/2021,9/30/2021
Stock,AAPL,5319.028,8/18/2021,9/30/2021
Stock,AAPL,5316.23,8/19/2021,9/30/2021
Stock,AAPL,3497.034,8/20/2021,9/30/2021
Stock,AAPL,3168.446,8/23/2021,9/30/2021
Stock,AAPL,2598.906,8/24/2021,9/30/2021
Stock,AAPL,3027.259,8/25/2021,9/30/2021
Stock,AAPL,3220.992,8/26/2021,9/30/2021
Stock,AAPL,3195.728,8/27/2021,9/30/2021
Stock,AAPL,5070.134,8/30/2021,9/30/2021
Stock,AAPL,3995.215,8/31/2021,9/30/2021
Stock,AAPL,4471.274,9/1/2021,9/30/2021
Stock,AAPL,4012.112,9/2/2021,9/30/2021
Stock,AAPL,3426.63,9/3/2021,9/30/2021
Stock,AAPL,4772.182,9/7/2021,9/30/2021
Stock,AAPL,5026.516,9/8/2021,9/30/2021
Stock,AAPL,3922.419,9/9/2021,9/30/2021
Stock,AAPL,10438.639,9/10/2021,9/30/2021
Stock,AAPL,6007.482,9/13/2021,9/30/2021
Stock,AAPL,5993.619,9/14/2021,9/30/2021
Stock,AAPL,4747.304,9/15/2021,9/30/2021
Stock,AAPL,3969.006,9/16/2021,9/30/2021
Stock,AAPL,5696.636,9/17/2021,9/30/2021
Stock,AAPL,7679.676,9/20/2021,9/30/2021
Stock,AAPL,4884.369,9/21/2021,9/30/2021
Stock,AAPL,5146.852,9/22/2021,9/30/2021
Stock,AAPL,3728.77,9/23/2021,9/30/2021
Stock,AAPL,3107.145,9/24/2021,9/30/2021
Stock,AAPL,3922.701,9/27/2021,9/30/2021
Stock,AAPL,6867.778,9/28/2021,9/30/2021
Stock,AAPL,4540.616,9/29/2021,9/30/2021
Stock,AAPL,6178.302,9/30/2021,9/30/2021
Stock,AAPL,6182.431,10/1/2021,12/31/2021
Stock,AAPL,6961.1,10/4/2021,12/31/2021
Stock,AAPL,4365.041,10/5/2021,12/31/2021
Stock,AAPL,5270.906,10/6/2021,12/31/2021
Stock,AAPL,3250.464,10/7/2021,12/31/2021
Stock,AAPL,3107.284,10/8/2021,12/31/2021
Stock,AAPL,2948.042,10/11/2021,12/31/2021
Stock,AAPL,4248.342,10/12/2021,12/31/2021
Stock,AAPL,4096.403,10/13/2021,12/31/2021
Stock,AAPL,2960.263,10/14/2021,12/31/2021
Stock,AAPL,2827.851,10/15/2021,12/31/2021
Stock,AAPL,3532.926,10/18/2021,12/31/2021
Stock,AAPL,3333.532,10/19/2021,12/31/2021
Stock,AAPL,2960.441,10/20/2021,12/31/2021
Stock,AAPL,2823.908,10/21/2021,12/31/2021
Stock,AAPL,3206.147,10/22/2021,12/31/2021
Stock,AAPL,2877.199,10/25/2021,12/31/2021
Stock,AAPL,3311.793,10/26/2021,12/31/2021
Stock,AAPL,2976.276,10/27/2021,12/31/2021
Stock,AAPL,4435.041,10/28/2021,12/31/2021
Stock,AAPL,5051.499,10/29/2021,12/31/2021
Stock,AAPL,3390.164,11/1/2021,12/31/2021
Stock,AAPL,3770.315,11/2/2021,12/31/2021
Stock,AAPL,3060.219,11/3/2021,12/31/2021
Stock,AAPL,3614.528,11/4/2021,12/31/2021
Stock,AAPL,2941.607,11/5/2021,12/31/2021
Stock,AAPL,2758.017,11/8/2021,12/31/2021
Stock,AAPL,3722.951,11/9/2021,12/31/2021
Stock,AAPL,3953.869,11/10/2021,12/31/2021
Stock,AAPL,2363.889,11/11/2021,12/31/2021
Stock,AAPL,2750.685,11/12/2021,12/31/2021
Stock,AAPL,2834.883,11/15/2021,12/31/2021
Stock,AAPL,2614.111,11/16/2021,12/31/2021
Stock,AAPL,4521.023,11/17/2021,12/31/2021
Stock,AAPL,6375.443,11/18/2021,12/31/2021
Stock,AAPL,6015.322,11/19/2021,12/31/2021
Stock,AAPL,5898.089,11/22/2021,12/31/2021
Stock,AAPL,5951.642,11/23/2021,12/31/2021
Stock,AAPL,3878.541,11/24/2021,12/31/2021
Stock,AAPL,4973.347,11/26/2021,12/31/2021
Stock,AAPL,4740.799,11/29/2021,12/31/2021
Stock,AAPL,10144.379,11/30/2021,12/31/2021
Stock,AAPL,10280.121,12/1/2021,12/31/2021
Stock,AAPL,10619.705,12/2/2021,12/31/2021
Stock,AAPL,8843.166,12/3/2021,12/31/2021
Stock,AAPL,7188.509,12/6/2021,12/31/2021
Stock,AAPL,5882.659,12/7/2021,12/31/2021
Stock,AAPL,7109.06,12/8/2021,12/31/2021
Stock,AAPL,5864.122,12/9/2021,12/31/2021
Stock,AAPL,6733.654,12/10/2021,12/31/2021
Stock,AAPL,8020.229,12/13/2021,12/31/2021
Stock,AAPL,7499.424,12/14/2021,12/31/2021
Stock,AAPL,7529.297,12/15/2021,12/31/2021
Stock,AAPL,9218.672,12/16/2021,12/31/2021
Stock,AAPL,8685.932,12/17/2021,12/31/2021
Stock,AAPL,6147.395,12/20/2021,12/31/2021
Stock,AAPL,4522.888,12/21/2021,12/31/2021
Stock,AAPL,4748.611,12/22/2021,12/31/2021
Stock,AAPL,3359.755,12/23/2021,12/31/2021
Stock,AAPL,4157.888,12/27/2021,12/31/2021
Stock,AAPL,4244.694,12/28/2021,12/31/2021
Stock,AAPL,3668.129,12/29/2021,12/31/2021
Stock,AAPL,3550.986,12/30/2021,12/31/2021
Stock,AAPL,3726.258,12/31/2021,12/31/2021
